Remarks,Bot Class,Bot Name,Wins,Losses,,,,,,,,,,,,,,,
Forgot Source. Kills Calls,EpsilonPlayer,LI0N,6,0,Weights:,0.472384782,-0.013161448,0.025753558,0.006890752,-0.040231418,-0.293013775,0.014284528,-0.153108951,0.464752312,-0.170325176,-0.574609741,0.734561248,,
MAR29 ChampPlat0,EpsilonPlayer,ZOVN,4,2,Weights:,0.472384782,-0.013161448,0.025753558,0.006890752,-0.040231418,-0.293013775,0.014284528,-0.153108951,0.464752312,-0.170325176,-0.574609741,0.734561248,,
APR04 ThetaBoard,ThetaPlayer,Wrath1,,,Weights:,0.457495,-0.03758,-0.010125,-0.04319,-0.050635,-0.327235,-0.05119,-0.11063,0.420975,-0.08234,-0.54522,0.737925,-0.016405,0.04441
APR04 ThetaBoardI !favoured!,ThetaPlayer,PR1DE,,,Weights:,0.48393,-0.0370925,-0.03515,0.0109875,-0.0227425,-0.350185,-0.0771,-0.07662,0.4209825,-0.1094175,-0.5335175,0.719145,0.0159975,-0.01311
APR04 ThetaBoardI manual adjust,ThetaPlayer,Omega2_EX,,,Weights:,0.457895,0.0253075,0.01069,0.0101225,0.0025675,-0.34587,-0.01472,-0.10998,0.3922275,-0.1183975,-0.5474175,0.7205655,0.0253325,-0.05307
CMA2TP1,ThetaPlayer,CMA2TP1,,,Weights:,0.488547058539,0.702909301258,0.577380334587,0.321234823332,-0.326477798795,0.167522191019,0.545971680814,0.475622588942,-0.132897378629,-0.703790483592,-0.373146261942,-0.0729446641187,-0.783951316595,0.941936410615
CMA2TP2,ThetaPlayer,CMA2TP2,,,Weights:,0.87638423362,0.747710030439,0.785792077246,0.48981350699,-0.394026152586,0.0436387852842,0.422037529554,0.460363604772,0.10643003261,-0.799605194955,-0.743801475475,-0.14495588168,-0.801886438405,0.86207962026
CMA2TP3,ThetaPlayer,CMA2TP3,,,Weights:,0.798805509524,0.433429572814,0.83691375748,0.467840148651,-0.72500495285,-0.0568335103843,0.471322750315,0.476958530513,0.0207866400611,-0.953028457076,-0.595415311486,0.225695100451,-0.875035316968,0.923052626707
CMA2TP4,ThetaPlayer,CMA2TP4,,,Weights:,0.751985141486,0.367649745772,0.876905550141,0.441621442585,-0.832384462976,-0.0423607624433,0.462921660671,0.587027345986,-0.065118493332,-0.773607424503,-0.533324666129,0.418938002621,-0.829485756785,0.78040406903
