Remarks,Bot,Class,Bot,Name,Wins,Losses,,,,,,,,,,,,,
MAR,26,5579Ep_Board,EpsilonPlayer,Razor,,,Weights:,0.438242914,0.004563298,-0.075314788,0.056284926,-0.06059732,-0.174429317,-0.086815867,0.015310329,0.160619342,-0.863199979,-0.350535249,0.181354672
MAR21,WisePlayer_Board,WisePlayer,RNGenius,,,Weights:,0.895,-0.713,0.86,0.007,-0.362,-0.699,0.535,0.022,-0.744,-0.767,0.79,
MAR,26,5579Ep_BoardI,EpsilonPlayer,Gr33Dy,,,Weights:,0.62731144,0.006782764,0.0354006,-0.017738708,-0.060943432,-0.202364151,-0.059767574,0.033646709,0.744256733,0.183438671,-0.43500795,0.721879707
MAR22,WisePlayer_Board,WisePlayer,ZWUP#54,,,Weights:,0.547893555,-0.60075293,0.425702148,-0.061788086,0.05337793,0.214027344,0.035454102,0.025410156,-0.04884668,0.072243164,0.215789063,
Mar,27,6036,EpsilonPlayer,CallTG26,,,Weights:,-0.097629624,-0.015322028,-0.053460944,0.079522507,-0.25760026,-0.386826604,-0.062169782,-0.033438914,0.385211212,-0.463661391,-0.383216098,0.580381615
Mar,27,6036,EpsilonPlayer,Call9996,,,Weights:,0.027780254,-0.006881324,-0.02755483,0.052425943,-0.247408722,-0.343405448,-0.092064001,-0.114631729,0.367807581,-0.466988527,-0.449206837,0.577756734
Mar,28,CBW_Board,EpsilonPlayer,UYAG,,,Weights:,-0.15475,0.00125,0.062,-0.07975,-0.19175,-0.2795,0.076,0.00625,0.5325,-0.49475,-0.31425,0.5175
MAR29,ChampPlat,EpsilonPlayer,Ascendant,,,Weights:,0.45854458,-0.010288565,0.023143473,0.003357603,-0.045208527,-0.291372468,0.012108953,-0.14727149,0.456158875,-0.156368715,-0.575275254,0.717262457
CMA2EP1,EpsilonPlayer,CMA2EP1,,,Weights:,0.470612064042,0.826516986646,0.260751787392,-0.0987157112797,0.817059616881,-0.493894791849,-0.221305628935,0.225791547581,0.154571833897,-0.777832809866,0.290236281011,-0.678994273581
CMA2EP2,EpsilonPlayer,CMA2EP2,,,Weights:,0.544386576738,0.584030637534,0.171787309833,0.0331541671092,0.791721148456,-0.514293029612,-0.0448261706505,0.037389960055,0.0341964493644,-0.679613671759,0.4291562709,-0.363455944593
CMA2EP3,EpsilonPlayer,CMA2EP3,,,Weights:,0.618489132676,0.963835278705,-0.141748768395,0.965007822302,0.858644583019,-0.969818873009,-0.572656682167,0.150923923524,0.413899590146,-0.335842050397,-0.536713466799,0.30137779652


